WKT,name,description
"POLYGON ((77.04 28.41724, 77.044549 28.401084, 77.048583 28.402292, 77.059314 28.406399, 77.05193 28.420863, 77.04 28.41724))",Sparse Area,
