WKT,name,description
"POLYGON ((77.072914 28.468194, 77.073987 28.461478, 77.074159 28.454083, 77.079309 28.447442, 77.07948 28.447256, 77.086754 28.449822, 77.089154 28.449797, 77.093231 28.45008, 77.095291 28.450193, 77.097308 28.449816, 77.099626 28.449156, 77.098016 28.453646, 77.095785 28.461324, 77.09424 28.468115, 77.07613 28.467964, 77.07437 28.467926, 77.072914 28.468194))",Dense Area ,
