WKT,name,description
"POLYGON ((77.0793088 28.4474424, 77.074159 28.4540833, 77.0741917 28.4586621, 77.0716168 28.4579076, 77.0582272 28.4440976, 77.0753933 28.4305122, 77.0848347 28.42938, 77.0914437 28.4299838, 77.0903279 28.4372296, 77.0884396 28.4399467, 77.084663 28.4423617, 77.0793088 28.4474424))",New Dense Area,
